id,first_name,last_name,gender,email
1,"Michelle","Ramsey","Female","nhawkins@example.net"
2,"Lee","Williams","Male","gloriajackson@example.com"
3,"Christine","Moreno","Female","james58@example.com"
4,"Michael","Smith","Male","bakerrobert@example.org"
5,"Megan","Anderson","Female","fosterbrianna@example.net"
6,"Aaron","Jackson","Male","patrick57@example.net"
7,"Jocelyn","Mcdonald","Female","jonathanjackson@example.net"
8,"Joseph","Walker","Male","jason16@example.org"
9,"Brittany","Martinez","Female","cochrandale@example.org"
10,"Justin","Castro","Male","gloria65@example.com"
11,"Theresa","Matthews","Female","jswanson@example.org"
12,"Steven","Ruiz","Male","tarakelley@example.net"
13,"Michelle","Levine","Female","tarabowman@example.net"
14,"Derek","Stone","Male","sarahmoran@example.com"
15,"Ashley","Scott","Female","brobinson@example.com"
16,"Shawn","Edwards","Male","anthony56@example.com"
17,"Kimberly","Lopez","Female","fowlerkevin@example.net"
18,"Michael","Bruce","Male","lopezkrystal@example.org"
19,"Emily","Cox","Female","adrian54@example.org"
20,"Eric","Collins","Male","dianasmith@example.net"
21,"Sandra","Garcia","Female","kelly02@example.org"
22,"Michael","Meyer","Male","joshuamorris@example.com"
23,"Amy","Moreno","Female","robert29@example.org"
24,"Richard","Scott","Male","zhammond@example.org"
25,"Sara","Williams","Female","alexander59@example.org"
26,"Russell","Lewis","Male","ljohnson@example.org"
27,"Debra","Bryan","Female","drew27@example.net"
28,"Calvin","Ochoa","Male","cindymartinez@example.net"
29,"Maria","Zamora","Female","sherrispears@example.com"
30,"Aaron","Ross","Male","tcarter@example.org"
31,"Melanie","Schwartz","Female","balexander@example.com"
32,"Matthew","Harris","Male","ehughes@example.com"
33,"Amy","Dean","Female","zwhite@example.net"
34,"Mark","Phillips","Male","landerson@example.com"
35,"Stacy","Davis","Female","tguerra@example.org"
36,"Timothy","Gardner","Male","emilyyang@example.org"
37,"Katie","Lowe","Female","andersonjulie@example.net"
38,"Daniel","Washington","Male","wardamy@example.net"
39,"Jasmine","Neal","Female","wsaunders@example.net"
40,"Scott","Patterson","Male","michael25@example.org"
41,"Maria","Schmidt","Female","amanda59@example.net"
42,"Cody","King","Male","brandonvargas@example.com"
43,"Marie","Stone","Female","juan56@example.org"
44,"Nathan","Horton","Male","williehoward@example.org"
45,"Victoria","Montgomery","Female","wlawson@example.net"
46,"David","Jimenez","Male","brownnicole@example.net"
47,"Elaine","Huffman","Female","lmiller@example.com"
48,"Joseph","Goodman","Male","nlee@example.com"
49,"Megan","Sanders","Female","dunlapkathleen@example.net"
50,"Ruben","Mckenzie","Male","franklinsarah@example.org"
51,"Jamie","Charles","Female","bcook@example.com"
52,"Jeffery","Becker","Male","chendonna@example.com"
53,"Judy","Chapman","Female","dana23@example.org"
54,"James","Smith","Male","simpsonjody@example.com"
55,"Amber","Olsen","Female","willisstephanie@example.org"
56,"Raymond","Martin","Male","alancarrillo@example.org"
57,"Chloe","Gutierrez","Female","jonesscott@example.org"
58,"Logan","Kelley","Male","jennifer39@example.com"
59,"Kara","Hill","Female","marissa50@example.com"
60,"Matthew","Rice","Male","melaniemills@example.com"
61,"Melissa","Johnson","Female","fharris@example.org"
62,"Ronald","Johnson","Male","patriciapham@example.net"
63,"Ashley","Thompson","Female","tmoreno@example.org"
64,"Benjamin","Howard","Male","brent66@example.org"
65,"Mary","Guerra","Female","dtorres@example.com"
66,"David","Dillon","Male","garrettholly@example.net"
67,"Tracy","Cooper","Female","tanya76@example.org"
68,"Andrew","Perez","Male","harold68@example.com"
69,"Amanda","Rice","Female","llewis@example.net"
70,"Zachary","Smith","Male","fnguyen@example.org"
71,"Danielle","Rodriguez","Female","esnow@example.org"
72,"Christopher","Harper","Male","riverabrittany@example.net"
73,"Rachel","Smith","Female","nicholas47@example.net"
74,"Aaron","Jones","Male","nhenry@example.com"
75,"Kimberly","Kane","Female","elewis@example.org"
76,"Jason","Lester","Male","lynnclark@example.org"
77,"Janice","Roy","Female","eaguirre@example.com"
78,"Alexander","Jones","Male","omason@example.org"
79,"Terri","Newman","Female","jameswatkins@example.com"
80,"Dustin","Jones","Male","acole@example.com"
81,"Brittany","Villanueva","Female","bkelly@example.com"
82,"Derrick","Scott","Male","lindaharris@example.com"
83,"Diane","Johnson","Female","jeremythomas@example.net"
84,"Mark","Charles","Male","david31@example.net"
85,"Susan","Flores","Female","sheilaschmidt@example.com"
86,"Andrew","Hall","Male","oglass@example.net"
87,"Amanda","Miles","Female","brandicaldwell@example.net"
88,"Karl","Davis","Male","brownmatthew@example.org"
89,"Nicole","Zimmerman","Female","angela92@example.com"
90,"Roger","Rice","Male","samuelsmith@example.com"
91,"Heather","Anderson","Female","holderjames@example.com"
92,"William","Wright","Male","pramirez@example.net"
93,"Christine","Herrera","Female","david15@example.net"
94,"Michael","Carrillo","Male","brownsheryl@example.org"
95,"Laura","Cook","Female","ymann@example.com"
96,"Jonathan","Kramer","Male","millerryan@example.net"
97,"Nancy","Kramer","Female","christopher88@example.com"
98,"Christopher","Garcia","Male","aholland@example.org"
99,"Kayla","Rhodes","Female","teresatorres@example.net"
100,"Richard","Small","Male","swells@example.net"
